,max,uquartile,median,lquartile,min,mean,std,var,kurtosis,peaks,label
0,-4.580660622755746e-05,-0.017289449051324346,-0.023261885607913618,-0.0312962878576374,-0.03773634546988862,-0.023380708156155075,0.009767014645947071,9.53945750941446e-05,-0.4259992042708225,1,0
1,-0.011796164494649656,-0.012879674322918248,-0.017286768788705754,-0.018864389973456623,-0.020643412332143684,-0.01620025201080845,0.0031925317169876366,1.0192258763972026e-05,-1.699311192137287,5,0
2,-0.005016200457740003,-0.009813292125224173,-0.010418284353232384,-0.011227084668239197,-0.01232266612843077,-0.01006414753552567,0.0018216703512327756,3.318482868560544e-06,0.9612842069035672,5,0
3,0.15403497627880347,-0.01225835942309143,-0.015492238186056264,-0.021834014077304828,-0.03883472043559603,-0.00032972422666308174,0.044535614948401435,0.0019834209988322774,2.5772492775977307,2,2
4,0.3225347133692417,0.2770635505104212,0.17235548889688357,-0.010080368823870547,-0.08558140537705952,0.1381286267493533,0.14483132302789403,0.020976112130010185,-1.4979680216277194,1,1
5,-0.05146389849444189,-0.06501472607733072,-0.07925979291495538,-0.08222251276514278,-0.08724473746435704,-0.07423622815932072,0.010463861957799673,0.00010949240707188719,-0.8535074161900127,1,0
6,-0.01168163403249788,-0.02094428939517604,-0.024815346085134464,-0.03829490625797845,-0.05099137506352902,-0.028416846887475793,0.011077777610986389,0.0001227171567984713,-0.9597112577515676,3,0
7,-0.010450445089705876,-0.011002434081006538,-0.011946765808783096,-0.014540941297277885,-0.018134130144919307,-0.012964247056267907,0.002461048274490367,6.056758609372014e-06,-0.5195922311571595,6,0
8,-0.0035105291658639485,-0.005005719258585865,-0.006198566733317316,-0.013731150752798875,-0.018275186135082597,-0.009089531873410071,0.004997640031541397,2.4976405884865095e-05,-1.2906912640105264,4,0
9,0.002528109273319806,0.0007649075983159588,-0.0013304661349632283,-0.003016334525561355,-0.011825079991047406,-0.0019932178102816953,0.003635806658639578,1.3219090059007892e-05,0.9072863953017438,5,0
10,0.002912986665244009,0.001640601403052995,-0.001278031470165386,-0.004563856928936895,-0.011874117841584236,-0.0021501107723340593,0.004260794270658761,1.8154367816878527e-05,-0.4715625894456861,2,0
11,0.008837630291476014,0.006302895502270479,0.0057195092750059835,0.0043507060278786865,0.0018814648553700428,0.005476866354698832,0.001498946046095673,2.2468392491058514e-06,0.06925788986748094,4,0
12,0.008278626908781905,0.00627672771411956,0.0012356708432907642,-0.0037810262060772315,-0.00994401851418729,0.000678003609833208,0.005821375486062326,3.388841254972738e-05,-1.0175523175655323,4,0
13,0.0027549674776613233,0.0020131335009912986,0.0004926948468459647,-0.0027848920340185377,-0.006508223270210831,-0.0005138261316565242,0.003001575821984306,9.00945741512076e-06,-0.7869379408420047,2,0
14,0.008081321215697504,0.005132531487340716,-0.005953779999003468,-0.007692516019505207,-0.01029449428298216,-0.002112907494068826,0.006530099020267642,4.264219321450042e-05,-1.549411065776176,4,0
15,0.12232784546732649,0.09056244350854671,0.047859101962842224,-0.011980822012932947,-0.020132242775271314,0.043170356840355334,0.050872293251649665,0.00258799022068184,-1.4956216581722148,1,1
16,0.04679491614953609,-0.02202228296022457,-0.039330849719214966,-0.04589560131591487,-0.04744025917694964,-0.02668296456641104,0.028511511962742712,0.0008129063144016208,0.7158421018941699,1,0
17,0.015443870131556653,0.011243687970431106,-0.0036335750171929398,-0.017882319202219915,-0.0350820054365057,-0.005475280864468854,0.015653477295948917,0.0002450313514547882,-1.08588892491934,2,0
18,0.0299799726671453,0.022871335280923034,0.02134701938469481,0.019290250772352836,0.015870882367318873,0.021886996592948325,0.003582511314098619,1.2834387315644615e-05,-0.18170583912447613,2,0
19,0.029612505064152913,0.022547273248174935,0.020506703253829067,0.018865307096558367,0.0164688353052048,0.0208848365129181,0.0030247072275054235,9.148853812123546e-06,0.3193434628196812,4,0
20,0.021151324552524782,0.01692325675194846,0.010647723751495673,0.006169037186135773,0.0020532492936082888,0.011489939226527334,0.0064612882761048195,4.1748246186929594e-05,-1.596869993945115,6,0
21,0.011523761497081791,0.00906972299004222,0.008051465326541664,0.0035803039995103733,0.002111231506007869,0.007083022252711035,0.002994377317214339,8.966295517847742e-06,-1.3392118014691479,7,0
22,0.005332480932556498,0.0026829232305775963,0.0009136488272863577,-0.0012410261703042396,-0.004238540326870541,0.0005406770600543885,0.0024758225377686464,6.12969723852318e-06,-0.7538088688135733,2,0
23,0.007850343202401883,0.002519829067953713,0.0009116878320938526,-0.0006428871044222059,-0.004749309310964094,0.001325713694028566,0.00306774746167318,9.411074488602239e-06,-0.24131218717698388,3,0
24,-0.004794165150778143,-0.006466054264134317,-0.009136484801911822,-0.011285018209022566,-0.012938192054568497,-0.009038781603044927,0.002498426122878671,6.242133091482548e-06,-1.3028739543332741,2,0
25,-0.007017958874376917,-0.007846879606690376,-0.008924777129644408,-0.011518860457331326,-0.015411505263279904,-0.010012167674384915,0.002685207440828106,7.210339000278627e-06,-0.7616489296917872,3,0
26,0.35449221417836885,0.30360956215787344,0.013920624958785965,-0.02353328883740786,-0.04138359049823457,0.11246278843721229,0.15691682207597302,0.02462288905042257,-1.5097568793267884,1,1
27,0.2989835290954462,0.03640975833642007,-0.095468560029356,-0.10947333327587501,-0.11205364611908475,-0.022153307146597304,0.1231057867046076,0.01515503472016034,0.28329939553044836,1,2
28,-0.055263537348685284,-0.07135819694443031,-0.07863505055492089,-0.10208074339965399,-0.10918100068152978,-0.08396058580094291,0.01669422129237472,0.0002786970245587775,-1.2998773904117056,1,0
29,-0.024171864788492987,-0.02969037337117576,-0.031864789162993956,-0.04376415374305271,-0.05478265802133528,-0.03611531180842362,0.00883560212711705,7.806786494871534e-05,-1.055671726732125,1,0
30,-0.00816987495113273,-0.011088168959826013,-0.014502282046636544,-0.021342236819929333,-0.02397018332472416,-0.015545503056697392,0.005327234107707234,2.837942323831929e-05,-1.5505986673429324,3,0
31,-0.0036288900349336416,-0.0064395845128129,-0.00861550594395946,-0.010517381805074917,-0.013298401704000207,-0.00839376465024471,0.0026566341832201905,7.05770518345401e-06,-0.8697643197534544,4,0
32,-0.013456012045134273,-0.017817930454915802,-0.020778263217090608,-0.0323016505686847,-0.03822774270666197,-0.024509343525525574,0.007880894830320392,6.210850332657068e-05,-1.217584582900382,1,0
33,0.01143072478738264,0.009507827736017592,-0.008485142504960876,-0.016576898303467476,-0.021686821465787175,-0.005460436326206457,0.012262700268022187,0.00015037381786335143,-1.5649516374243466,4,0
34,0.023569726134589474,0.01960225011229827,0.0178104366915151,0.012920911638028306,0.009861067926216226,0.016926740486160875,0.004123266764100595,1.7001328807936592e-05,-0.9745508973820511,4,0
35,0.023317594551969932,0.02177157552317892,0.020458253925320767,0.018710200903000136,0.01679478119366739,0.02018403293874545,0.0017657023250383474,3.1177047006458257e-06,-1.0015436122955883,4,0
36,0.02044809271721547,0.017942264052819484,0.014536811107922834,0.008933587218205561,0.0014470287484899976,0.012995860061662938,0.005908297055825054,3.4907974099871e-05,-1.0495436660196045,4,0
37,0.012944243864593618,0.010286149053031376,0.004835010635646575,0.002032095569333224,-0.01072795033534591,0.00423115727310627,0.007047190318191296,4.9662891380809144e-05,-0.389633403837514,2,0
38,0.029734008091063063,0.002504184720380883,-0.005420779815146317,-0.008942930799232697,-0.010760601915690237,-0.002351399467326132,0.008805588321219882,7.753838568280399e-05,1.45143953960811,3,0
39,0.29047998132606906,0.25846152661698335,0.17930445364848105,0.0830005265076961,-0.02717377293148451,0.16505099314632635,0.0974449317469139,0.009495514723160708,-1.1753828496706993,1,1
40,-0.030033523956163467,-0.06988921968575916,-0.07456889082290148,-0.07857118167060242,-0.08679230374918563,-0.07273064114058743,0.011107758214707154,0.00012338229255639426,3.2463443006303754,2,0
41,-0.042459238666635354,-0.04550668685434555,-0.05302423618204025,-0.06039253146746786,-0.06657520296313452,-0.05343644202697328,0.007704181995079111,5.935442021330115e-05,-1.2094948050673013,2,0
42,-0.02922725758655368,-0.03261004391946582,-0.03606855986572323,-0.038790388030832575,-0.04267642961371508,-0.03613682899381259,0.003945780315540468,1.5569182298506636e-05,-1.133556911487938,3,0
43,-0.006196812589228933,-0.009542643611697273,-0.01298880104224754,-0.017102556438568364,-0.028575913554221778,-0.013427635680046917,0.0050969075685903175,2.597846676275326e-05,0.2094518445367175,2,0
44,-0.0006785481158855166,-0.006789125486422113,-0.01010388241510925,-0.011776008735759865,-0.013295382502646844,-0.00877030516210353,0.003797855893527008,1.4423709387997831e-05,-0.4928537818795262,2,0
45,0.002308705467561105,-0.0012362975164302964,-0.005526286878901379,-0.007165442742255585,-0.014064653362875917,-0.004868356437875806,0.004280876856898304,1.8325906663927507e-05,-0.47345027151942887,2,0
46,0.010599018572165046,0.008782231191361832,0.0066614108075072655,0.00020964405482665492,-0.005952337782618346,0.004421000978939052,0.005397446977306756,2.9132433872837836e-05,-0.9303393598721272,4,0
47,0.005993581580815524,0.003695496696346389,-0.001963295560338672,-0.0037214362094284206,-0.007204084774177756,-0.0005621304023468778,0.004221324790116124,1.781958298364894e-05,-1.3159514183197936,3,0
48,0.004730330625787378,0.0002956332525383273,-0.0012896059798697727,-0.003175330339344389,-0.011714313430482614,-0.0017894116681053606,0.003847038442127893,1.4799704775209808e-05,0.23748370220304338,5,0
49,0.2666657255257702,0.05194203081841474,-0.0061597455535902495,-0.012510098422622178,-0.016166181931762585,0.037686736555750826,0.08143914787675675,0.0066323348068922545,1.1233251319343474,1,2
50,0.3115814185700403,0.24460405018500914,0.07902936018642293,-0.060326771144501655,-0.07477095797999964,0.09552359130758241,0.14628943191287064,0.021400597889390412,-1.6020511766484467,2,1
51,-0.05248996346001839,-0.05596123859995737,-0.06573236995455814,-0.07921586806268852,-0.0817523281248917,-0.06722565115442922,0.010906485388287947,0.00011895142352493849,-1.7579894596355874,3,0
52,-0.02461176431763887,-0.029744861856250127,-0.038183553340994957,-0.05034886285132048,-0.05468139566440731,-0.03928319696680751,0.010418270242457228,0.00010854035484486981,-1.515901368478321,2,0
53,-0.011938171892865343,-0.01449181662542939,-0.01778584865306248,-0.022328124478113304,-0.02450676847174843,-0.01822574178272239,0.004049420547466373,1.639780677024286e-05,-1.3140593859521805,3,0
54,0.0002611219203372732,-0.0015081175744969593,-0.00783148752665841,-0.011754424715560909,-0.01369674813068818,-0.006908390141831345,0.004911082639040321,2.4118732687483247e-05,-1.5406631893041074,2,0
55,0.004488469415298562,0.0030685289205325717,-0.004299657176548351,-0.010371658218028514,-0.01509041788338135,-0.004323275930724244,0.006923040020790127,4.7928483129461756e-05,-1.5601044553609633,2,0
56,0.0002483141715210113,-0.0045647553384041166,-0.012373739301327794,-0.02294939848218483,-0.026042712634794244,-0.01300342162681195,0.009327741145279714,8.700675487334412e-05,-1.5598947647462624,1,0
57,0.007744365533661935,0.00652257795629433,0.005410804870626624,-5.592657443318889e-05,-0.006431301221185457,0.003417496543273599,0.003951883603546474,1.5617384015979466e-05,-0.753577420588853,4,0
58,0.024848208077446306,0.020099630085939922,0.011182538365039222,0.00627617949774827,0.0008972627417964846,0.012344078078910088,0.007940182517514525,6.304649841144331e-05,-1.3317180974586955,2,0
59,0.007762724183825872,0.004111219385427423,0.00019483762103846353,-0.002034083466055594,-0.008254927475430263,0.0003850352300085195,0.004665523907933042,2.17671133354948e-05,-0.8787150374113759,3,0
60,0.13172711665985998,0.11007387791383239,0.05631807125117585,0.006539197958862326,-0.0276297079633746,0.0584538649664131,0.051840658060375196,0.0026874538281327436,-1.4843884288681424,2,1
61,-0.004210428961694616,-0.02179638438456429,-0.027044402282617036,-0.038504832419151896,-0.04319316394780176,-0.028095899345610426,0.010907483599411918,0.00011897319847143997,-0.7795642346547198,1,0
62,0.019411414193001554,0.014767699146633822,0.01044732369132946,0.003529703385670989,-0.003916385654900233,0.00887035241531985,0.007355304688568646,5.4100507061679896e-05,-1.0113847635150568,4,0
63,0.033181594145393685,0.02839853471357321,0.020603206926583698,0.015994042007134147,0.009269086678144663,0.02176874113275513,0.007438938810993353,5.53378106337032e-05,-1.1692914923202966,2,0
64,0.020006692803372816,0.01757668068583411,0.015104679988628938,0.008123063225794896,0.0037997011374847137,0.01332552652824687,0.005490312353538301,3.0143529739415273e-05,-1.0786176436159236,3,0
65,0.012195228053406643,0.010570311577064619,0.006633427691207107,0.005311999472481096,0.0031158330384628524,0.007489633094322343,0.002904953616009292,8.438755511165459e-06,-1.2692782063306638,4,0
66,0.00877811421276112,0.005338297367634139,0.004452447310467933,0.0012069995142925745,-0.006587630247276963,0.00298991302417363,0.004150580348016996,1.722731722534489e-05,0.07428967194548042,2,0
67,-0.005747560381070005,-0.00943095907148855,-0.011782068736197264,-0.01662240092689559,-0.019667664663163706,-0.012827719770966663,0.0041821377750730785,1.74902763696932e-05,-1.0424885534156874,4,0
68,-0.01232331957420549,-0.01578594399611789,-0.01771714889429674,-0.023498557466786328,-0.02710420770849053,-0.019287250574235363,0.004354950205005742,1.8965591288079557e-05,-1.1916780799176852,2,0
69,-0.00649969640281565,-0.0076867845009002825,-0.009222538550772801,-0.012379467632803896,-0.014684360991251666,-0.009992352993955206,0.0026385295996459715,6.96183844820793e-06,-1.2549465526018764,4,0
70,-0.004767290431934789,-0.00830710279767596,-0.00927671387329179,-0.01806340405552063,-0.026648923310599475,-0.012959073850080483,0.006586710285110312,4.3384752379977964e-05,-0.6479836485762549,2,0
71,0.011376986145955725,0.006645724903766786,0.000995757070902407,-0.0025863996797943706,-0.009076199337799316,0.0013831043619561244,0.005851104858970903,3.423542807067291e-05,-1.0371194370998826,1,0
72,0.010654110756468358,0.009217396796754922,0.00784307926007958,0.007176732886962958,-0.004517964049598624,0.00672033068399684,0.004152194293857108,1.724071745393952e-05,1.5301562239180697,4,0
73,0.20615283166410858,0.01773377105919756,-0.003293672508785469,-0.007440907272390279,-0.010458525078470164,0.017709531390639303,0.04783318052331539,0.0022880131589760786,4.576509398219798,2,2
74,0.624802149829619,0.5100678898423314,0.2677899343068959,-0.023482424350881135,-0.11111787230598578,0.25359030049860826,0.2622677984698711,0.06878439811423291,-1.5347856825835315,1,1
75,-0.10888261854060324,-0.11415469527565082,-0.12045785168883442,-0.12684882491678012,-0.1350217170657336,-0.12101817122815732,0.0077083251819528775,5.941827711072886e-05,-0.9387113356223349,1,0
76,-0.07737231241514408,-0.09542156925516149,-0.10245958893666132,-0.10836102763428788,-0.112199974589232,-0.10074670986068215,0.009638098566928618,9.289294398583148e-05,-0.158222423396714,2,0
77,-0.054642395065984756,-0.05752256112077108,-0.061393938147078136,-0.07357786335719066,-0.077243670384347,-0.06436878824955308,0.007956587648198035,6.330728700345752e-05,-1.3617515299851952,3,0
78,-0.041387492922340084,-0.04427926005197117,-0.04928139643731493,-0.05294208698374199,-0.05450702393557145,-0.04858082168696572,0.004416363800386872,1.9504269217367574e-05,-1.3979377087535327,2,0
79,-0.014747099726197824,-0.021794354227175197,-0.02451205323510211,-0.0375676597251431,-0.04677186702781198,-0.028858585863925916,0.009798436718824022,9.600936213279885e-05,-1.2138244769413509,2,0
80,0.006420810383190886,-0.003424289630308254,-0.024522823243565438,-0.028353300747706457,-0.033669446131913826,-0.017921840330912004,0.012786737010700627,0.0001635006433808212,-1.3093423760814695,0,0
81,0.010379237143311204,0.009251461761896998,0.007611235253088623,-0.0006215510163552638,-0.006410132239866096,0.004529278954779756,0.00547166991639457,2.993917167397736e-05,-1.2712069642334434,3,0
82,0.015589978791906368,0.012476055113488704,0.0027264515137631275,-0.00807859825526126,-0.011759868309337597,0.0020845567416178275,0.00996885600166101,9.937808998185275e-05,-1.6465927362152641,3,0
83,0.034532726010603955,0.029764121996888243,0.020067695554478508,0.012499008496645628,0.010122075695618469,0.021248191984685486,0.00802424617177463,6.43885266252398e-05,-1.3333857234129687,1,0
84,0.035830467969546455,0.03253607504083983,0.03190228567430694,0.030927258411301964,0.015082250541756891,0.031211815707081952,0.003721321284730334,1.3848232104187024e-05,6.45175356161579,4,0
85,0.3139433703818774,0.2718990657341368,0.04575260140486738,-0.0044780484072815575,-0.021403665240056612,0.11513531760128883,0.13262552344351733,0.017589529468666962,-1.5671568131591442,1,1
86,0.25546247327840027,0.05141484550885041,-0.06568627369853336,-0.07957653047946049,-0.08996232587308231,-0.006241151942316374,0.09934537949664439,0.009869504427332292,0.0930101396444516,0,2
87,-0.03605174634186191,-0.04541375800239861,-0.061537001822183676,-0.06451924652756244,-0.06768333037109767,-0.05586344164080515,0.01066853298474235,0.00011381759604653552,-1.105514285847689,2,0
88,-0.0021710960900451015,-0.004213134557864534,-0.00984015675164178,-0.015205304277422971,-0.035852711040168024,-0.01172857082477148,0.009668019110757247,9.347059352596734e-05,0.21019219288341562,4,0
89,0.00012707744722674432,-0.001197952440594695,-0.001586303039522409,-0.004039911347833347,-0.008538755085831977,-0.0027836915735365135,0.002435499814322573,5.9316593455652875e-06,-0.007389253979038557,4,0
90,0.0038188079932322165,0.0016572319121621558,-0.0008454519526673365,-0.006259610133980814,-0.01060792410575868,-0.002173595186053428,0.004529024279662591,2.0512060925773252e-05,-1.153327274469816,2,0
91,0.006111899025137941,0.003404884854759854,0.0018333613414101269,-0.004550078007166481,-0.007240840011339732,0.00031423565188387013,0.004379886065305131,1.9183401945054062e-05,-1.1801092887453293,4,0
92,-0.0016889130468940644,-0.0035303108192951136,-0.0054903737261214475,-0.0069984541753924726,-0.007497429352628164,-0.005233454879920337,0.0018199991738433263,3.31239699279039e-06,-1.27512076439038,5,0
93,0.014244355419480178,0.011329100272448364,0.009418212779393167,0.0059302629092038385,-0.0012492439454085372,0.00859113986752874,0.003968024725971987,1.5745220225925064e-05,-0.5764704400868559,2,0
94,0.012210316587195015,0.010632484876445268,0.009145012522803007,0.007908289329985298,0.00406923454222104,0.008947740850231799,0.0021963140226679344,4.823795286167804e-06,-0.31648172587431445,5,0
95,0.011553869483117866,0.010037507279658922,0.007350740471653792,0.00450497718228612,0.0036444069680214596,0.007414114593437087,0.00279701446554149,7.823289920448346e-06,-1.5922875116177502,4,0
96,0.009570679099677265,0.00841791763938322,0.006143512680113647,0.00043572681393652755,-0.013364704393093924,0.003490030448306208,0.005924318764655078,3.509755282524427e-05,0.29477240224489076,3,0
97,0.29524598171247357,0.12833179302538295,-0.013874605746130269,-0.02430916006937538,-0.03233196076762418,0.05744644160110262,0.11078370717415702,0.012273029775249368,-0.5511232969889472,1,2
98,0.29540403493000367,0.12203962408893596,-0.03900355766056486,-0.07762697673678717,-0.08079500193063696,0.027877418773742686,0.12799219204249337,0.016382001223842504,-0.6935981474582875,0,2
99,-0.032867730032673216,-0.039039670858152804,-0.051798435928543565,-0.06591108334484,-0.07465288531217998,-0.052430533229293114,0.013643699309661972,0.00018615053085247057,-1.3935430105187603,1,0
100,-0.01759521919516806,-0.02524397635905464,-0.03120041599727625,-0.03485835885075152,-0.03781943508352363,-0.02972682880220425,0.0059190495372303505,3.5035147424186824e-05,-0.7792219565902503,4,0
101,-0.003572423345811601,-0.00456709389039893,-0.0062960950878227515,-0.010979705473712846,-0.01742071748020996,-0.007832523000400538,0.003966699936650655,1.573470838742431e-05,-0.5166478597992428,4,0
102,-0.003995268796744607,-0.005656654977183682,-0.006997986672444268,-0.00873409707228433,-0.012014847092164107,-0.007448813098807429,0.0021241415866333543,4.5119774800652645e-06,-0.574142267161192,2,0
103,0.005649034095598133,0.0006157430753465938,-0.0036451455788884674,-0.004803977240171052,-0.010768252180194669,-0.0025785883894570245,0.004370187224956361,1.9098536381171777e-05,-0.7309994734833816,5,0
104,0.0020709956599269364,-0.0011733228916376297,-0.005725383232582138,-0.011063166957604427,-0.013773231056936062,-0.005822545058547059,0.0050863318586203896,2.5870771776016747e-05,-1.3723555188970562,1,0
105,0.007159438982021092,0.0034267547554116635,0.0013105354246134013,-0.0015640564267531871,-0.008673365036475835,0.0006705672588382195,0.004481250980403047,2.008161034936327e-05,-0.4846896198264541,3,0
106,0.0037253545983350076,-0.0034676379897385632,-0.005456596782188761,-0.010077051903674927,-0.014248092774989882,-0.006500113730413061,0.004543796506741155,2.0646086694673127e-05,-0.7303415295447571,1,0
107,0.01199679882392987,0.006878875579976677,0.0030539980442580066,-0.0018287065894996867,-0.003915279555713504,0.003151514070862418,0.004988882125152304,2.488894485866417e-05,-1.0967804035148505,3,0
108,0.0004406462775571927,-0.003245726168764857,-0.006186425908426748,-0.012509748081133875,-0.01544512242573071,-0.007591509802639552,0.00517665169446242,2.6797722765780647e-05,-1.4039068541878081,2,0
109,0.49878755570212796,0.29580936168891075,0.0017545770976214888,-0.014845475219109276,-0.016706735548636425,0.13480529319893295,0.19381281170965453,0.037563405982802,-0.9266411671655801,3,1
110,0.48742410001516123,0.15467452652600552,-0.07896370627207776,-0.12783741585581118,-0.1330280673939921,0.028895884941454224,0.1995990649580965,0.039839786732146436,-0.35815765841397473,0,2
111,-0.0873130727045554,-0.08843106141983403,-0.09920738927685278,-0.11360162384850928,-0.1248812973719351,-0.10162539377256113,0.012710363330523212,0.00016155333599390912,-1.4005049917979442,2,0
112,-0.05401999184222834,-0.05758280645591284,-0.05834771906495804,-0.07652492358972694,-0.08744707160816456,-0.06577634771646025,0.011078204982553306,0.0001227266256354689,-1.04822444721823,2,0
113,-0.020758141559306487,-0.023052038655841732,-0.03636659303753573,-0.03938449650901918,-0.0535879016408603,-0.03368150987887471,0.009585367356537968,9.187926735978368e-05,-1.0442714052108315,2,0
114,-0.0013516325241099208,-0.0032809281087356587,-0.013544170904363642,-0.01785285550663451,-0.023312903088588407,-0.011295393227322943,0.007489938261373362,5.609917515918462e-05,-1.6682663786092369,3,0
115,-0.0003446742092114664,-0.002155863328645217,-0.004370796698082091,-0.009925212142964875,-0.01102151790088262,-0.005375405966867165,0.0038012679555463856,1.4449638069863798e-05,-1.5090360086843049,5,0
116,0.010017909177808705,0.009100463999473053,0.004516373235516381,-0.00015833746410110606,-0.0038320275088266856,0.00423980071847968,0.004644614290709865,2.15724419094663e-05,-1.3747691417272092,4,0
117,0.013551597419787278,0.011205891544214846,0.007132769432468135,0.006187981830248242,0.001280973688433845,0.007871027081184536,0.003511268240147551,1.232900465426888e-05,-0.8618427480977622,4,0
118,0.01399307708786319,0.009736078401680661,0.007164256072147391,0.004820449604821376,0.0010728721108000986,0.0071152503531187045,0.003100891849301965,9.61553026106736e-06,-0.7240651238656621,2,0
119,0.01744526200098692,0.01613007678955057,0.013834071435677369,0.0075477349536194095,0.002276749002488323,0.01162466163732463,0.005122443543904573,2.623942786048964e-05,-1.209018265166637,4,0
120,0.011243753129642757,0.00966549954075889,0.007798522102086062,0.005360895508342305,0.002276083678022644,0.007399584571811691,0.0028406807124532136,8.069466910103698e-06,-1.0911424462580068,4,0
121,0.01797682008996552,0.015640755742483838,0.009844565003425124,0.006442602441266706,-0.008643860683843539,0.01029951022207906,0.005825934336772497,3.394151089638479e-05,0.6522278767291843,3,0
122,0.3305718765739944,0.2704741780253066,0.15315847381359626,0.03368185949062649,-0.018125373105926705,0.15196174810765914,0.12358508047381042,0.015273272115718196,-1.4607089211700124,1,1
123,0.034131620136724126,-0.06459059586079464,-0.07388585989420454,-0.07793910470267168,-0.08189752486539256,-0.0627504288390965,0.026796146661164894,0.0007180334758866585,3.2667499774826103,0,2
124,-0.03416941982736824,-0.05176911435851464,-0.054644293999503483,-0.056519518361326855,-0.06542815175711485,-0.05318974693263816,0.006810681613095115,4.638538403495188e-05,0.7989879822566239,3,0
125,-0.01245657560078591,-0.014003528848437936,-0.022310389188503837,-0.030002033354700468,-0.033744874591633583,-0.022002396027291447,0.007546628706983017,5.695160484106017e-05,-1.6907838053724384,4,0
126,-0.005496074477251263,-0.008134197056604023,-0.010033916276297978,-0.011853555723919967,-0.015841266978554088,-0.010200978406845935,0.002726171249245847,7.432009680214662e-06,-0.6421336432201534,3,0
127,0.0016425651750255255,-0.0010721677813908164,-0.0032793424375110116,-0.00503258716718185,-0.007657887556853829,-0.0030566104319133263,0.0025393075663920333,6.44808291673583e-06,-1.0200648435935193,6,0
128,-0.006564332254611992,-0.00899934153726478,-0.012261993124429221,-0.018327826246043323,-0.02391630412436236,-0.01378137146958811,0.005487359076309685,3.0111109632358283e-05,-1.1241023074627325,1,0
129,0.0016798490751889195,-0.00012680861718584733,-0.005111446484830306,-0.01046509913287317,-0.012150746156730771,-0.005200331133587034,0.004691680768298879,2.2011868431625555e-05,-1.373162058344206,3,0
130,0.02434657569822538,0.01660620485619379,0.013067419845686198,0.010899906450386184,0.000978614730152259,0.01260582374731173,0.006002718500946092,3.6032629401600496e-05,-0.3374608487075088,3,0
131,0.024511787774196783,0.021661356761145098,0.02031179884635082,0.018379288416489344,0.013572504180023325,0.019754159331619843,0.002784265452358791,7.752134109198703e-06,-0.37727106829287127,3,0
132,0.022401172157023915,0.018309069536782165,0.0154305934987375,0.01460055983129455,0.012170243510069362,0.016477787474819896,0.002833758904631556,8.030189529578636e-06,-0.5329241692264608,3,0
133,0.020398052226336845,0.014592087400576883,0.012621297542656722,0.011256007814892957,0.009311601416879258,0.013360335370932059,0.0030727805389189904,9.44198024035928e-06,-0.09840975848356504,2,0
134,0.019530714922679146,0.014114426224588403,0.012344569304824953,0.009244171515802016,0.005892616984020866,0.011829708715289338,0.003479550675185128,1.210727290118128e-05,-0.5377723050912535,3,0
135,0.24019854926896422,0.03516256399446344,0.004492398493790054,-0.005319702416926673,-0.018263035836949135,0.03247493758535883,0.06596235314705204,0.004351032032696407,1.7151162464095506,1,2
136,0.29008354386044993,0.2197543297357646,0.0425547760923454,-0.08356883950755634,-0.11518090293947683,0.06589994088725931,0.14740391264081812,0.021727913461821936,-1.5584930386126743,1,1
137,-0.061877318509619944,-0.07940735337620365,-0.10253797449257307,-0.11742643160056503,-0.12232690882747124,-0.09789031080342066,0.020631670548952857,0.00042566582964052873,-1.4164218402100957,0,0
138,-0.02304978130975813,-0.02477251590964405,-0.03237573527873901,-0.04426186136411077,-0.06192601613880833,-0.0364602847101818,0.012824149038451929,0.00016445879856042753,-0.8263072070512183,1,0
139,-0.0016645246847709282,-0.004030209027940866,-0.009762477628423652,-0.015710907611295597,-0.022828339403675884,-0.010211216346268358,0.006643364109303707,4.413428668878464e-05,-1.225455844829039,2,0
140,-0.0020572828511771627,-0.004717085970671657,-0.010017015960815837,-0.017256154965022506,-0.021691839636607542,-0.011036729727984938,0.006664124802610686,4.4410559384770916e-05,-1.3713384525220291,2,0
141,0.010470142233946189,0.005008545757990682,5.041323048396328e-05,-0.004786885164667722,-0.009353554056935807,0.000252955658314092,0.005951693255426879,3.5422652606693804e-05,-1.1531140509164768,2,0
142,0.003372208889858813,0.0007034018009506156,-0.0019701244617467972,-0.0044738054926081365,-0.007832892909799846,-0.002066682724689974,0.003271661526649908,1.0703769144961206e-05,-1.1293272672818526,1,0
143,0.003617390988066661,0.0002412691238840126,-0.0014994605436873015,-0.0022223321773745717,-0.006819995245523883,-0.001063014361431078,0.002359180815070634,5.56573411819734e-06,-0.0920212896421071,5,0
144,0.014832583285465412,0.010298108716901781,0.005006818002421596,-0.0063433142237969775,-0.010981998880457358,0.002953947378198966,0.008794435495269598,7.73420956804578e-05,-1.4511750520444355,1,0
145,0.012071911646483772,0.0076564897937205795,0.003968361776106377,-0.0002014847388045112,-0.002894590434224989,0.003942488086399055,0.004608023334872645,2.123387905473082e-05,-1.225464627970823,2,0
146,0.004167065608960434,0.002053113059871521,0.0007557254603206372,-0.0007848292832733316,-0.003002529973360917,0.0006245489323459936,0.0019860078860228364,3.944227323344896e-06,-0.8279156767322058,4,0
147,0.023513635976895018,-0.007211374970383975,-0.009040435093120542,-0.022357390296467383,-0.031930937418219514,-0.013270132372537234,0.0104229710048887,0.00010863832456875058,0.2625750042217012,2,0
148,0.40168784629616044,0.3346052420483596,0.20214769178618286,0.07653603706850626,-0.053634501399395525,0.19907339671932747,0.1430609257737611,0.020466428483245577,-1.339714323102982,1,1
149,-0.056372979689504166,-0.08934275679526779,-0.09919368758065512,-0.10601362979318014,-0.10749301054904888,-0.0962847315063888,0.01113285704797891,0.0001239405060507337,1.5148562132107184,2,0
150,-0.03818158336200836,-0.046801290624930804,-0.06116748973730005,-0.07561248524737141,-0.08592852298362054,-0.06188213761288428,0.015986139883705088,0.0002555566683813866,-1.2726433829194395,1,0
151,-0.014733692325671705,-0.020669164667717267,-0.02961220322104672,-0.031711842125479686,-0.03788725069839476,-0.02675659278666851,0.006716423135306611,4.511033973248189e-05,-1.0300069260891906,2,0
152,-0.01777230259414942,-0.019685328652360754,-0.02069860898660581,-0.022227249085880297,-0.027473729704494385,-0.02117949174134857,0.0019080198191588989,3.640539630303157e-06,1.0514841582345982,3,0
153,-0.0019169693186610775,-0.003972123494038038,-0.00554671359026158,-0.011841200932135964,-0.01735023573816466,-0.007676628849808528,0.004507160509769468,2.0314495860825367e-05,-1.3150147002328636,4,0
154,0.0008553301229916141,-0.003131509960010586,-0.006020297521381693,-0.010511506121502473,-0.013021558132054899,-0.006558363905962057,0.004023395237538205,1.6187709237445113e-05,-1.2577660421242904,1,0
155,0.008646953953073164,0.005687453189603434,0.003780677366823453,0.0012547233357613065,-0.00027247623901820444,0.0037823084226517173,0.00279213675885151,7.796027680129815e-06,-1.1651676445474066,3,0
156,0.009801478257375651,0.006667727878961588,0.0022496881966764977,0.0008797902414143847,-0.0023153527507581515,0.0033499910630751203,0.003677576522000015,1.3524569075165725e-05,-1.0686434530863398,4,0
157,0.01991523456375184,0.015641193811954373,0.01265500600716165,0.009998856654932685,0.008754231370032626,0.013215065415711456,0.0034573896222220243,1.1953542999848551e-05,-0.9548733230948452,4,0
158,0.01866253691719002,0.012877884141386024,0.010618420457751111,0.004378287475877024,0.0016357215446222149,0.009307949571967554,0.004962189370083116,2.4623323344565872e-05,-1.1278054501202526,2,0
159,0.00751109470104592,0.005950729489287085,0.003234774886660306,-0.0009807886959224499,-0.003210538742973323,0.0026987503673280115,0.0036260736399460034,1.314841004231126e-05,-1.3325601742144777,3,0
160,0.0038014402713491364,-0.00109066472250126,-0.007189145476108789,-0.010652768109241265,-0.013415748149648977,-0.0057605706963324566,0.005351379861156487,2.8637266418391228e-05,-1.1899816211376226,2,0
161,0.4306804860429054,0.3300023316750311,0.053783582889752754,0.0018335998743685704,-0.005584587749268286,0.15214470631807797,0.1712388398756559,0.029322740281960524,-1.3594199188401166,2,1
162,0.42423982104887464,0.166227796919983,-0.05035535314791813,-0.10962561247226581,-0.11358953332003018,0.039611234655832425,0.1779330826049105,0.0316601818852859,-0.6452413888762081,0,2
163,-0.07778941493998441,-0.0834675621416523,-0.09016977091322302,-0.09999192719402195,-0.10914008302167727,-0.09196500374382598,0.009288529308011278,8.627677670578447e-05,-1.2662840333703265,1,0
164,-0.05279979824617135,-0.055649109241809325,-0.061393460452720386,-0.07118738421500426,-0.07740339673376034,-0.0626902398955945,0.00771001446398748,5.944432303489615e-05,-1.4061783888558324,3,0
165,-0.021292730939130766,-0.02849012117159408,-0.036989667473814755,-0.055513148861047905,-0.061510097991393425,-0.04039009992351839,0.013977197146767756,0.0001953620400796127,-1.308593052324384,3,0
166,-0.012216453065029997,-0.014798885637410105,-0.01558006915795981,-0.017382693126094584,-0.02128550346029732,-0.016307839165798317,0.002545614911479934,6.480155277548992e-06,-0.6648750303732465,5,0
167,-0.008026709575692794,-0.012777819499103522,-0.015521475537390325,-0.016029544261296998,-0.02133166452174434,-0.014361657545907113,0.003031029934192444,9.187142461970652e-06,-0.20638228931429348,4,0
168,-0.01446378178239144,-0.023454203845247486,-0.028093841932750746,-0.03336554367366071,-0.03740499492503939,-0.02799204618013106,0.006192715064532505,3.834971987048783e-05,-0.841046953608171,0,0
169,0.017474648188021278,0.011093407830408082,0.0005193964047825876,-0.010293572581278252,-0.01414875839339075,0.0006186394544431846,0.010624765761253234,0.000112885647481499,-1.749779380515114,3,0
170,0.027413430260017555,0.025289786425310247,0.020554329454365063,0.019159059158862738,0.01749752588786542,0.0218759132318963,0.0032939748031968995,1.0850270004096053e-05,-1.4159990598324939,5,0
171,0.031627878352928795,0.028579769985268774,0.02728136348732816,0.024656033984039625,0.022267174188955047,0.02695859030798414,0.0026053666003003134,6.787935121960412e-06,-0.952398394839407,6,0
172,0.03732438452849088,0.03344396805466823,0.03227486006538545,0.02623961377144791,0.023552883994964392,0.0308244108631567,0.004423827276369391,1.9570247771149823e-05,-1.0554053176153824,3,0
173,0.034584606544135234,0.029901478165169144,0.025844415483281157,0.024744007381761447,0.023616714535547083,0.027384891737453506,0.0033778281370930845,1.1409722923737739e-05,-0.6801277582181018,3,0
174,0.023444330661645085,0.01934649839339487,0.011400529089813916,-0.00947582092363991,-0.01546276189508741,0.00610443629145668,0.01453142341173873,0.00021116226637122847,-1.635854841468916,2,0
175,-0.00851701059641341,-0.016147004512733477,-0.017520574777140134,-0.019448911181248016,-0.025134036283519838,-0.01730433220745988,0.004124610226079003,1.7012409517075482e-05,-0.04161814539757902,3,0
176,0.2842174916030998,0.23930177290929078,0.12955299520382235,0.033986546417452704,-0.06703216294773247,0.13049988216608982,0.11119910131627374,0.012365240133546911,-1.30511721843226,1,1
177,-0.05467857534313728,-0.06506046803407872,-0.0775375349021386,-0.0834255569980916,-0.0876240346950958,-0.07459169713013897,0.009935610859973174,9.871636316081686e-05,-1.1848057533056073,0,0
178,-0.02023850202235024,-0.03205864777925556,-0.03386251445519712,-0.03533835747976656,-0.054221028765020884,-0.03527751801812746,0.00711369484653803,5.060465436966173e-05,0.8088008801538908,3,0
179,-0.006963060467215738,-0.010262107621210865,-0.013889370747880388,-0.015723013112533928,-0.019630555726166992,-0.012902743305926112,0.0032313785467098454,1.0441807312136633e-05,-1.0587959146657255,4,0
180,0.001622088836008642,-0.002301157268764637,-0.0035816558368587524,-0.0073520576556516185,-0.010099113574062875,-0.004328781835713267,0.003310217423261129,1.0957539389261548e-05,-1.0607592393056218,2,0
181,0.003701134336292306,0.00011401124373285626,-0.002823833942681389,-0.004220417704894479,-0.005012032308917533,-0.0019629964585134428,0.002584650894040288,6.680420244063259e-06,-0.7473796322864845,3,0
182,-0.0027704996418427006,-0.004700854433455418,-0.006941968456303958,-0.009258465849967687,-0.009991552361399621,-0.0066088702852443995,0.0024391153338674254,5.949283611907202e-06,-1.34120312422039,6,0
183,0.0047164018169138355,7.31675828433437e-05,-0.0022688197266897353,-0.005739592036897126,-0.007815503155443548,-0.0022737536406197815,0.003770733483154485,1.4218431000982354e-05,-0.9088801048342128,4,0
184,0.005882839626437517,0.004749688744432889,0.002053851476980764,-0.005313174894823859,-0.007726349238161034,0.00048765538173043153,0.004776909180938189,2.2818861322931558e-05,-1.2211473987224264,4,0
185,0.007585249154975642,0.005960373817486481,0.0022993097489694436,0.0007152014364743708,-0.0006322718369428437,0.0030584376528828825,0.0025902290852684935,6.709286714170858e-06,-1.4541117216047041,4,0
186,0.011382184348192673,0.008671065295587107,0.00614891607308327,0.0031710522288501916,-0.004108998998969014,0.0053630732288326936,0.0041249857395712405,1.7015507351666093e-05,-0.4248927701627947,2,0
187,0.17039786516437266,-0.004238013173295177,-0.015757041405743764,-0.022759950872633206,-0.025916998973724327,0.003958385406719375,0.046341737880529976,0.0021475566697877467,3.5264706217833774,0,2
188,0.32633715805825586,0.29693150345744485,0.1862530035514236,0.0031707504031009423,-0.08273790257421548,0.1516482729441365,0.1463148098865076,0.02140802359212486,-1.4277521466840415,1,1
189,-0.06492574582300695,-0.07516831603244337,-0.08655177669137229,-0.09169190791545348,-0.09449603243657198,-0.08353382653142319,0.009669548983745292,9.350017754904962e-05,-1.0446811988651763,1,0
190,-0.027365090593670014,-0.03530276094210743,-0.04452151200963339,-0.05656661645886526,-0.06479145118107821,-0.045482791583938094,0.012273914565827644,0.00015064897876923601,-1.2000999612725887,1,0
191,-0.01784155944226286,-0.02395376539475447,-0.029617545743182264,-0.034885849076770774,-0.036427115875707294,-0.029096251728724633,0.0057315309005164855,3.285044646357531e-05,-1.2169148371628196,2,0
192,-0.011570102638483579,-0.012194516327295027,-0.014281893636833158,-0.017386338431739517,-0.021135623829730086,-0.015142446676920945,0.0031045990174584214,9.638535059203795e-06,-0.9320524771398198,3,0
193,-0.00608567896135083,-0.010026704426434992,-0.012059737552725144,-0.01355921407067237,-0.014656285878278585,-0.011396373549108267,0.0025056613523941978,6.27833881288192e-06,-0.7114884406760922,3,0
194,-0.007863717406235048,-0.012665683154280663,-0.01391778129174931,-0.015913231565611044,-0.017324289795105304,-0.013893349643872576,0.002126314178258498,4.521211984663112e-06,0.06184643562907155,5,0
195,-0.0006628876384915163,-0.005103475274498009,-0.0072406289735729695,-0.008122658478092917,-0.009261755396800532,-0.0066486137655219915,0.0021153447301119855,4.474683327212548e-06,0.06805641980933386,4,0
196,0.005775934232190991,0.004239772529287692,0.002952439988271226,0.0011105652235698568,-0.0017745468999111275,0.0024807645913096166,0.0021399032619448806,4.57918597048234e-06,-1.0197291171342109,3,0
197,0.014901912065989724,0.013117217810203391,0.005919845876162278,0.004657647759909367,0.003190157118968886,0.008220179916745231,0.004222079072589991,1.7825951695202364e-05,-1.5711362841520462,5,0
198,0.016316491608726478,0.014590044437197358,0.01204791942479989,0.010037665787269048,0.002490283780293707,0.011829286744036433,0.003499910931167423,1.2249376526105216e-05,0.27520895932926237,4,0
199,0.17675601092417226,0.04371786857567825,7.161872415020575e-05,-0.00410295759079033,-0.006319044439624133,0.02979689811934192,0.0542373608881529,0.0029416913161117377,0.7161016989426163,1,2
200,0.18612066581364978,0.14381080270337476,0.009245701987459389,-0.0596374060157638,-0.07244794171566672,0.03749451252038843,0.09915375126020413,0.009831466388970433,-1.513904165826091,1,1
201,-0.013064107024435,-0.031456153914696985,-0.049275461133469735,-0.06369777556304343,-0.07154601343222144,-0.04647791313611671,0.018215419485145073,0.00033180150701980283,-1.1963561608234994,1,0
202,0.006788955711134602,0.003416121741954499,-0.004501555373106356,-0.010746054057725779,-0.01283156894982495,-0.00375253606958945,0.006890007410750013,4.74722021201901e-05,-1.4319062514701335,2,0
203,0.009385168036512882,0.005905884931048915,0.004538950025301412,0.0018824638175004263,-0.0008379983418154774,0.004157914067060398,0.003004774369542002,9.028669011856536e-06,-0.9675137910825433,2,0
204,0.007577466847495728,0.006154423876947958,0.002440764952637649,0.0015996567258148439,0.000534206518302143,0.0037387117509379577,0.0023965109731776584,5.743264844560928e-06,-1.6641656169063905,4,0
205,0.011679615318089656,0.007341431217591473,0.00019928845041185055,-0.0020279321009958485,-0.00488037519031191,0.002127802423755426,0.005336862573649441,2.8482102130020132e-05,-1.1537882049968535,3,0
206,0.009996466958842359,0.008413091649431945,0.0017833912537283726,-0.0037685699054493646,-0.005848543556010787,0.002237237175343441,0.005675829730604027,3.2215043130808586e-05,-1.564350024773316,2,0
207,0.009123579674912802,0.0057482598232843195,0.0035213761936636213,0.002361532142643523,-0.0015071811651025638,0.0037482243643111833,0.0026019773536549657,6.770286148933298e-06,-0.5554567463280016,2,0
208,0.0027141334950556845,0.0014047166852365564,-0.0011794454599461765,-0.003030510948244312,-0.008188513792394332,-0.001375420460032392,0.0031926086548196768,1.0192750022829506e-05,-0.6640149328016678,2,0
209,0.006286898369619014,0.0018646796171702751,-0.0013058444015593643,-0.00545758857343702,-0.011276686823386431,-0.0018596460898240186,0.005170734813248599,2.673649850894103e-05,-0.8981873223816934,3,0
210,-0.006113087835728216,-0.009502404572876742,-0.01184453508999693,-0.013037075181256508,-0.014388494216306743,-0.011234248507666,0.002289400506117415,5.2413546774106764e-06,-0.6835463298288191,4,0
211,0.24521189722736206,0.02292563252015442,-0.01239692003636417,-0.013592770849754358,-0.016620201358865317,0.02312565782252316,0.06916446703418534,0.00478372350012291,2.4641837571899394,2,2
212,0.328734107309542,0.28954330246300136,0.1286869615585483,-0.046104790156165115,-0.10723866805643334,0.1218984472164551,0.16254135134605713,0.02641969089740239,-1.6181025322312417,1,1
213,-0.0901512972747361,-0.09889019465103313,-0.10257757093737255,-0.11060275361100033,-0.11562098320075502,-0.10448451852202657,0.006560278952215639,4.303725993088352e-05,-1.1041567502105334,2,0
214,-0.04296866557053753,-0.04635827747076487,-0.06859300646837174,-0.07894120322920924,-0.08936003630493772,-0.06452271251903524,0.015341918597468234,0.00023537446625134165,-1.6342785947957152,2,0
215,-0.014301380946610327,-0.017055150458322142,-0.020280503567286036,-0.026568337772350396,-0.04255839346697593,-0.02274426402294298,0.007561470349932643,5.7175833852910474e-05,0.16741089989328728,2,0
216,0.0007779967566426336,-0.0017981430085578297,-0.003106438938485347,-0.004793501892381411,-0.017375835194277458,-0.004473382909614447,0.004265911777164842,1.8198003290553703e-05,1.2441363398698941,4,0
217,0.0033109605623161784,3.2222250102740924e-05,-0.004427272138721973,-0.006256382461565882,-0.008347856257524683,-0.0032386644827801497,0.0036006909173186647,1.2964975082061128e-05,-1.1375607676185102,2,0
218,0.012532736597107288,0.0034125146165126293,-0.0014565602413008575,-0.0053502608129625045,-0.009516350285270966,-0.0004541240747781862,0.006448414509086538,4.1582049680997776e-05,-0.7699062471616736,3,0
219,0.011703870276192237,0.0033126184011607798,0.00024995505652803887,-0.001575340970585235,-0.004125620807397775,0.0010936199080729821,0.00354698017569239,1.2581068366754817e-05,0.48790493064295504,1,0
220,0.003908075136120009,0.002746222297703108,-0.002383081149689277,-0.006217449742621938,-0.00827210798435186,-0.0017680510090709468,0.0043166243501222374,1.863324578006823e-05,-1.5467197882238377,7,0
221,0.0530465102570963,0.020301876422730594,-0.009463907794309664,-0.020089582656708644,-0.023345432446979637,0.002611030999581363,0.026525966763721185,0.000703626912750041,-1.0046292400778705,3,0
222,0.03685326662862898,-0.008819640149797952,-0.02789510861520401,-0.03760700591951537,-0.04121932814787246,-0.020076819756205313,0.02136955801944046,0.00045665800994623213,0.06558925451297126,0,0
223,0.018083345114501936,0.013769650233051416,0.010919709746346234,-0.007797522822565801,-0.03305546431225008,0.0028598454915638393,0.015390368218942935,0.00023686343391464873,-0.43340101256643937,1,0
224,0.041021179281724815,0.038826574736415834,0.03620317906067287,0.03260307902681966,0.015181352952852986,0.033792545015882795,0.006777187418263428,4.593026930226811e-05,0.7143083579271452,3,0
225,0.04237087013640555,0.0408746833223117,0.039368515947460964,0.03821558018870469,0.0320160770224207,0.038756876032277225,0.0030211670874811954,9.127450570479609e-06,-0.14042496900420964,2,0
226,0.037266547720949235,0.035612060070214065,0.034756235208789975,0.02980169069780747,0.02459469336708103,0.03301331008711197,0.0037200164296474257,1.383852223684678e-05,-0.6910152591411691,3,0
227,0.024076020449604676,0.007299470617358739,0.001345740318190299,-0.008901586046696502,-0.012912701052647036,0.00047802061512009164,0.009683402531166833,9.376828458060822e-05,-0.5788638120180902,4,0
228,0.0061593736768560114,0.002178670519164817,-0.00581295643064852,-0.011244787186585803,-0.016526085296823,-0.005063063088094073,0.007430403394710605,5.5210894608126885e-05,-1.3169906518450525,1,0
229,0.015769457461052343,0.008765148204414762,0.0024524765745443863,-0.009349317662221291,-0.014322464548114684,0.000990841550227232,0.009475165000436768,8.97787517855019e-05,-1.4160962397475045,3,0
230,0.015172141435408699,0.010551697432305766,0.0008132255080172813,-0.005598952490136688,-0.008833115050163896,0.0021733081334085248,0.00821547502248362,6.749402984505224e-05,-1.707177075549276,4,0
231,0.06830679645588406,0.05611715346051982,0.008246845712361978,-0.010765349040827064,-0.02016616932719673,0.019773982598570296,0.03282816904862758,0.0010776886830852698,-1.6559207030310155,2,0
232,0.055080239193862526,0.05017738103027194,-0.0013969865936818682,-0.05720563683268113,-0.06939407954397284,-0.004142645177939863,0.05024603204182849,0.0025246637359484553,-1.7340662483312927,3,2
233,-0.018556045589175754,-0.031721049833284165,-0.04659698007348116,-0.06030077128511323,-0.06845743633402882,-0.04530380807246928,0.014967156716453088,0.00022401578017486678,-1.3871804599729394,1,0
234,0.009633554598602934,0.006177167849546903,-0.0011890441307576918,-0.008095713991379767,-0.01800366765988214,-0.0015040242914144692,0.00821217391228722,6.743980036565076e-05,-1.3421631809756203,2,0
235,0.01762561286949289,0.016313979532462608,0.014706388034196457,0.013088468041979183,0.003280808791518725,0.013836298000316697,0.003469592978016926,1.2038075433104364e-05,1.9351238028487145,5,0
236,0.018525642294834024,0.014401611063839288,0.011603910814099299,0.00959261615247151,0.0064414643282521885,0.011933344365435384,0.0033963317381235187,1.1535069275385122e-05,-0.8153152910291879,3,0
237,0.017528514273433733,0.016923720357460394,0.005895273117217383,-0.00020764868298201966,-0.008238028373152914,0.006893204651829544,0.008678234693194299,7.531175739016114e-05,-1.5456049322805032,3,0
238,-0.001422544080934656,-0.007177840072738325,-0.009718453388600317,-0.012389636343433466,-0.015581864881848548,-0.009374076475095009,0.0038134278332150784,1.4542231839139446e-05,-0.5885344717833032,3,0
239,0.00026079401458157207,-0.0017437045678545082,-0.004508946870213176,-0.006781602655912936,-0.00853597031992006,-0.004319615389972014,0.0028264350622191855,7.988735160941972e-06,-1.3774573098746303,2,0
240,0.00039724517814521045,-0.005180987503107673,-0.007426109680215607,-0.008808402035435344,-0.010857220454687325,-0.006970580459742224,0.0024105589971195216,5.810794678593873e-06,0.044942381677099075,3,0
241,0.004583972682240575,0.0007969279151374554,-0.001981591093020044,-0.008709159872419154,-0.012661940520702375,-0.003485346046379904,0.005470278516042005,2.9923947043070723e-05,-1.2229396553503424,3,0
242,0.015169232690298079,0.011853617641838067,0.004840616540327366,0.002477340716953925,-0.0011453790275420927,0.006748007523038253,0.005300624025244779,2.809661505700216e-05,-1.3089768202607297,3,0
243,0.010077960205909394,0.005737676134356065,0.003935028590094411,0.0022327694523028643,0.0015267391181574064,0.004295987883031091,0.0022587635428166154,5.102012742357468e-06,-0.3155186775060246,6,0
244,0.35677886090192973,0.04563501693504746,-0.0026672007473122947,-0.02276271328640809,-0.04653219653281638,0.039438094215577306,0.10166887532571475,0.01033656020999573,1.494902660274974,0,2
245,0.49412135279812897,0.42324275738706485,0.14728988048805916,-0.08452275653603447,-0.13922589090481016,0.16698974297696378,0.2414004314883682,0.058274168322770346,-1.6669313437594484,1,1
246,-0.10068648594880791,-0.11090745320011199,-0.11610369469037365,-0.12632484302464037,-0.13907307673419933,-0.1186914514870654,0.011380433819413794,0.00012951427391805724,-0.924746818700966,1,0
247,-0.07547994364133213,-0.08114274737240819,-0.08981732907862638,-0.10056575895858624,-0.1051535712794167,-0.09105463012473519,0.009691580651405641,9.392673552270021e-05,-1.5402562264675408,2,0
248,-0.05007001402524014,-0.057940823010714626,-0.060301156273084786,-0.06852875810898446,-0.07523761490753679,-0.062379126361425855,0.007065074237884234,4.991527398681549e-05,-0.8424211109964412,3,0
249,-0.021293068536552738,-0.027430887811747642,-0.03154619997951694,-0.042465258577317824,-0.049860093434692374,-0.034094496983035245,0.008977891382510343,8.060253367615347e-05,-1.1022743243014668,3,0
250,-0.016436182418841636,-0.020963186902743344,-0.02319709580608593,-0.027403360741848043,-0.03228746536997691,-0.024160730771188757,0.004262853477203933,1.8171919768109663e-05,-0.9408429103753684,3,0
251,0.004222850500144341,0.0020059836200511587,-0.005266865505538058,-0.008875907222468999,-0.01609918869513525,-0.004358578652067227,0.006150541462175962,3.7829160277945626e-05,-1.1938596036187692,2,0
252,0.017474863541616533,0.014106099144855529,0.009484008313891585,-0.0011291772289097866,-0.005120771236653896,0.007093878366886807,0.007891307164997589,6.227272877234228e-05,-1.3880701033178395,3,0
253,0.021096399074662688,0.017445618934734935,0.012807206838769652,0.007122572363186751,0.004484490561277969,0.012612953490208316,0.005487720843966723,3.0115080061306836e-05,-1.4168259066056836,1,0
254,0.03808227687627031,0.03648075377509488,0.029941642715139695,0.01361151823506006,0.010362764059347107,0.0261536288479784,0.010789263376347486,0.00011640820420419316,-1.65006349338716,3,0
255,0.03588249462886548,0.03222036804752731,0.029164593776422783,0.027940096764736737,0.023665595678186425,0.02980138269724519,0.003180565108944565,1.0115994412235551e-05,-0.7852378429907194,3,0
256,0.029866459965036143,0.0248983038693644,0.02058823440951272,0.01743987903430695,0.015303507698753794,0.021359650795023322,0.004560335557601856,2.079666039792783e-05,-1.022788030700652,2,0
257,0.025786581918297465,0.022874964222848838,0.018855194155055433,0.012839420244699312,0.010382816500402094,0.018293667201124252,0.005051971362545283,2.5522414647977636e-05,-1.38105038205335,2,0
258,0.013062601854890141,0.008928061877454157,0.0001169647221914487,-0.023202134716939268,-0.0330430208957092,-0.005931183709369875,0.016547300210652715,0.00027381314426146744,-1.4714747384206612,1,0
259,0.4801872989225935,0.4142630803842985,0.2451040793482411,0.09029248854553684,-0.025314773121303265,0.2479338311230227,0.16479382078195934,0.02715700336791653,-1.4217307257588316,1,1
260,-0.02949032996594698,-0.1134380682327371,-0.12160210724052767,-0.1308317144221994,-0.13388572238819452,-0.1150147589497827,0.02327518351402749,0.0005417341676116571,3.2271448361421102,2,2
261,-0.0757369046896583,-0.08153329014518426,-0.08744358814291651,-0.11047670161217857,-0.12754675842184762,-0.09467666396820053,0.016463142244041933,0.0002710350525475581,-0.9901112712203504,2,0
262,-0.03695650724850112,-0.04289100873538678,-0.05396488223300998,-0.06270488736608923,-0.07516760474492522,-0.053675180685204396,0.010874039146258447,0.00011824472735436111,-1.1584207259048132,3,0
263,-0.011811112802526422,-0.014910745803895724,-0.019101569367016603,-0.027830254238863497,-0.03679391843531015,-0.021572095713815718,0.00755506929980203,5.707907212481113e-05,-1.189304470009714,2,0
264,-0.0013498064468496244,-0.0043842797514701565,-0.014417616882425112,-0.021284784506934506,-0.02811517780323909,-0.013591782328866108,0.009051909259877245,8.193706124905142e-05,-1.4438473317299363,1,0
265,-0.0006265308729822718,-0.009090143304905337,-0.012942312100555239,-0.016426832707890603,-0.018734960339953702,-0.012189615908811815,0.0046747481616181506,2.1853270374552275e-05,-0.67346335238804,2,0
266,0.00336422466427319,0.0014739627845188007,0.0003387912995309021,-0.010752113093024334,-0.017982316313279366,-0.004096048344207741,0.007080841999151243,5.013832341694417e-05,-1.0139918502889722,5,0
267,0.02390921283406803,0.022387271529025105,0.014704252591148331,0.011036042363937014,0.0034458850014750346,0.015284981729527173,0.006769040131922377,4.581990430757571e-05,-1.2887774068193927,3,0
268,0.025660626663160255,0.02126911344421455,0.019098970909174746,0.017931002410202634,0.012331159009919445,0.019442165604295514,0.002979466378207284,8.87721989886763e-06,-0.100429125338108,2,0
269,0.028592250583647946,0.023280071983511515,0.018512532746796602,0.010759219933660514,0.006811370991319914,0.017644056755685023,0.007119691111138585,5.069000151802578e-05,-1.3412786005138395,2,0
270,0.022700158466414173,0.01865158032957288,0.017294726092445423,0.015985103655883907,0.012802715138269163,0.017280858518153728,0.00225841946824169,5.100458494533078e-06,-0.22428566978783193,3,0
271,0.021406254720501627,0.02051842783965514,0.019346044250962122,0.01679457025382554,0.014704044444101854,0.01857086482750173,0.0022338419070795233,4.990049665824681e-06,-1.1966093670308253,5,0
272,0.016109406080378776,0.009209814828836276,-0.000503561304912382,-0.002815056125588482,-0.007657066743980132,0.0027425535362132366,0.0077218148903848965,5.962642520136991e-05,-1.0634783094778677,2,0
273,0.004647580939545844,0.0015530695896569839,0.0006845120673257274,-0.001276677992428124,-0.002817130268116676,0.0005432818557938653,0.0021310008076589975,4.5411644422433e-06,-0.9212544149388195,6,0
274,0.11102557763619256,-0.003584170729904532,-0.011239065601945552,-0.018984546635925,-0.021328989842541245,-0.0048845588999811545,0.024396500228066123,0.0005951892233780305,8.762566392790799,4,2
275,0.4609063425551777,0.37464168158854316,0.2082824255488503,-0.029534103209324217,-0.13204617468763524,0.18178134843884786,0.2056507145238539,0.04229221638417165,-1.425433722580024,1,1
276,-0.10045161522537022,-0.11175660516859695,-0.12334469443852834,-0.13483600626451242,-0.1371518569268355,-0.12260235909579895,0.011987751158302487,0.0001437061778333826,-1.644964707778456,1,0
277,-0.05878725146315978,-0.0730291124738705,-0.08615255558654308,-0.09046255415552455,-0.09966191593951129,-0.08180826750282122,0.011598078998694977,0.00013451543645996947,-0.7481713482657018,2,0
278,-0.033209147423509264,-0.03781498176838584,-0.04777625913181241,-0.05666024282884226,-0.058585894681073766,-0.04712439228162454,0.008942067812562062,7.996057676445847e-05,-1.6556295309670297,2,0
279,-0.014137768861343327,-0.019771981813444,-0.024029961456686885,-0.03030066262601972,-0.03300518943291054,-0.02480125952620714,0.00560226801184722,3.1385406876566603e-05,-1.354884696918505,3,0
280,-0.006196846599656519,-0.008503702547767344,-0.0093424837908129,-0.013396208388846293,-0.014016210829252274,-0.010151624129851912,0.0024110848602037177,5.8133302031035806e-06,-1.2361130596658605,6,0
281,0.0033241831477981453,0.0016792517476021695,-0.0004901460665899925,-0.003885231450348805,-0.007128026046419351,-0.0011242171792585896,0.003065857238259244,9.399480605386598e-06,-1.240450646355278,2,0
282,0.018289167329669592,0.016527420032123378,0.013309917029602929,0.0010739888187311494,-0.0029711388325454158,0.010173674118744007,0.00764256369187731,5.840877978440134e-05,-1.1822477300664544,2,0
283,0.017593392503603127,0.015522051874397057,0.007783611385695341,0.0019102051550957057,-0.0009256324476784471,0.008679784139011541,0.006782615137972921,4.600386810985942e-05,-1.6217791887017823,2,0
284,0.013627350321519334,0.010317897165197053,0.009231596623621113,0.008428622008123863,0.006678252773389058,0.009482866054311992,0.0015349231103191341,2.355988954591765e-06,-0.13355520191359416,5,0
285,0.02439251479552777,0.02315958046792694,0.02203466175200698,0.014762160903744808,0.013295278117509609,0.019601161586221494,0.004176130249939786,1.744006386446214e-05,-1.6318449641711188,3,0
286,0.025149304518253184,0.02131666276699406,0.018636306925431036,-0.002992726315964612,-0.010368570921135505,0.010653991275763492,0.012920615397662774,0.00016694230225432037,-1.439836086763923,2,0
287,0.41170690200324983,0.33287368760831737,0.13069130090153475,0.0034284882691893673,-0.007191184393523643,0.1722518465742126,0.1599414606321414,0.025581270829142837,-1.602942089568275,3,1
288,0.2444202837447834,-0.028859798591166323,-0.08891892775765868,-0.09643596735900394,-0.10149934107218808,-0.042462861217428906,0.0900501900045151,0.008109036719849272,1.866374179685418,0,2
289,-0.05304934509124942,-0.05535678656950757,-0.07194324836690469,-0.08485203986841629,-0.08879097251818241,-0.0711043228129062,0.013809730083932078,0.00019070864499105865,-1.7333602846978047,3,0
290,-0.018304378860171895,-0.020892753433238744,-0.024495924312461732,-0.0347121666149031,-0.052797512551545744,-0.028678146536966858,0.010585376647304742,0.00011205019876530456,-0.27313789722506643,5,0
291,-0.0131679851449377,-0.014047107064449742,-0.015077967608866986,-0.019226151701078595,-0.022509656190058628,-0.01649367802763344,0.003020016044294839,9.120496907798246e-06,-0.9347138245330497,6,0
292,-0.008408798229461495,-0.009830028811759631,-0.010652919631104409,-0.013205518691503533,-0.015514286283643592,-0.01140793103992365,0.0021637465333321703,4.681799060506984e-06,-0.947414653925382,5,0
293,-0.0007643535737818113,-0.005469669586323633,-0.00816395682209071,-0.009536099103631315,-0.010890263585391313,-0.007417100770048348,0.0026772604638932275,7.167723591525779e-06,-0.5538798764688053,4,0
294,0.00909957812702061,0.006607459532256051,0.0004964445422527916,-0.0007627634040154435,-0.0023414069417968903,0.0020710240933113776,0.0034708957347244314,1.204711720132825e-05,-1.312312616775536,5,0
295,0.02749369114682019,0.019879198959178772,0.010671632576324808,0.008220655815692724,0.0057998376190136125,0.01389534252711486,0.007053545953383657,4.975251051649497e-05,-0.9666210707717804,2,0
296,0.00836804870320269,0.006259338730136675,0.003348261342926204,-0.0027706218986707403,-0.009612820909138196,0.0015991726649059036,0.0057598092584452264,3.317540269367135e-05,-0.8746452417350592,4,0
297,0.004842666189324438,0.0012882108254192242,-7.835117369628826e-05,-0.0010437552710790467,-0.0053971887039676114,-0.0001940853834235907,0.002654690812505365,7.047383310000395e-06,-0.3048889184271064,5,0
298,0.32761893370052764,0.25690901793444243,0.1370691171489573,0.04346129319216489,0.0003087270350587606,0.14959071192156803,0.11228167984841003,0.012607175629580848,-1.4485361121443248,2,1
299,0.0019918648860958415,-0.06240949456994582,-0.07407815679270341,-0.08381147566123173,-0.08717757777808552,-0.06905230870427741,0.0192429888716581,0.0003702926207147574,2.8983457761443034,0,0
